Id,CPF,Nome,Idade,Data_Cadastro
1,690.243.518-98,Sr. Thiago Carvalho,72,2022-10-23
2,214.756.830-90,Srta. Luisa Melo,42,2025-03-05
3,156.249.387-64,Yan Albuquerque,66,2021-03-16
4,607.921.538-12,Henry da Costa,74,2021-08-16
5,871.024.369-04,Lavinia Santos,44,2021-06-22
6,853.649.210-42,Maria Isis Dias,20,2025-04-23
7,176.748.037-75,Douglas de Oliveira Alkimim,24,2025-07-09
8,186.754.230-71,Otto Pacheco,79,2022-10-03
9,795.024.618-94,Joaquim Almeida,50,2022-09-20
10,135.692.804-89,Henry Aparecida,49,2025-04-17
11,810.759.643-93,Sr. Arthur Miguel Pereira,43,2020-08-06
12,321.970.485-97,Beatriz da Luz,76,2021-01-03
13,314.298.067-96,Carlos Eduardo Sampaio,68,2023-09-28
14,345.798.120-50,Emanuel Castro,71,2023-04-29
15,841.937.062-22,Sophia das Neves,37,2023-06-14
16,642.850.379-47,Sr. Yago da Mota,79,2021-07-23
17,375.428.169-00,Maria Vitoria Rezende,48,2021-02-05
18,035.167.842-53,Murilo Sampaio,40,2025-03-29
19,602.387.194-13,Agatha Andrade,55,2024-08-14
20,547.031.629-70,Murilo Rocha,75,2023-12-19
21,503.896.472-92,Fernanda da Rosa,76,2022-10-17
22,217.630.489-69,Jose Miguel Carvalho,31,2024-11-04
23,512.709.438-04,Luara Fonseca,50,2025-03-29
24,078.532.196-95,Lavinia Albuquerque,26,2021-08-04
25,245.960.738-56,Joao Gabriel Castro,36,2021-09-07
26,945.381.207-23,Srta. Ana Julia das Neves,26,2021-12-09
27,814.325.607-35,Rafaela Melo,66,2023-04-13
28,517.093.468-84,Sr. Enzo Pires,24,2025-03-19
29,618.907.453-75,Carlos Eduardo Gonçalves,57,2025-02-22
30,847.391.605-01,Jose Pedro Pacheco,69,2021-10-30
31,635.097.824-29,Theo Gonçalves,34,2022-08-05
32,309.418.572-04,Sr. Caua Peixoto,76,2024-07-24
33,268.439.510-15,Hellena Albuquerque,52,2023-04-23
34,590.412.836-33,Dra. Olivia Azevedo,80,2021-02-17
35,801.769.245-58,Sr. Dom Rezende,63,2024-05-01
36,586.470.923-92,Sra. Gabrielly da Rocha,69,2024-12-19
37,967.834.102-69,Srta. Liz Montenegro,56,2025-04-06
38,451.328.679-28,Enrico Ramos,75,2021-06-30
39,345.069.871-01,Anna Liz Rocha,27,2021-09-13
40,560.439.872-10,Clarice Almeida,37,2020-09-08
41,925.074.861-20,Brenda Araujo,24,2024-05-21
42,951.864.207-94,Davi Moreira,64,2022-01-08
43,067.213.849-22,Asafe Mendonça,22,2022-08-02
44,083.194.726-87,Diogo Lima,75,2025-03-24
45,618.305.942-06,Marina Rodrigues,72,2023-12-17
46,075.829.643-65,Sr. Luiz Felipe Ferreira,61,2021-12-04
47,035.941.762-07,Camila Souza,39,2020-06-22
48,450.918.637-10,Manuella Santos,48,2022-08-11
49,203.967.514-07,Bruno Caldeira,53,2024-12-12
50,942.315.860-98,Francisco da Rocha,24,2023-08-01
51,602.483.579-56,Otto da Rosa,40,2025-02-05
52,629.857.031-40,Maria Eduarda Porto,45,2024-11-30
53,068.932.571-12,Ravy Borges,38,2021-12-28
54,149.867.350-39,Marina Cavalcanti,57,2022-07-10
55,752.930.841-60,Pietro Pinto,58,2024-05-05
56,034.952.187-50,Theo Teixeira,76,2022-05-22
57,864.509.237-92,Jose Miguel Gonçalves,31,2024-11-20
58,967.052.418-02,Antonella Andrade,79,2021-01-04
59,495.081.763-93,Joao Miguel Moreira,53,2021-07-22
60,983.407.621-50,Pedro Miguel Freitas,48,2025-03-31
61,291.503.487-79,Kaique Fogaça,46,2024-06-07
62,637.854.210-44,Leticia Casa Grande,73,2024-08-17
63,039.285.764-29,Anna Liz Rodrigues,51,2023-10-10
64,059.746.231-34,Srta. Cecilia Sa,34,2025-04-14
65,431.862.507-90,Maya Casa Grande,21,2024-03-20
66,285.167.349-19,Rebeca Gomes,69,2022-04-15
67,379.450.862-92,Antonella Cirino,76,2023-07-04
68,023.486.951-89,Dr. Raul Aragao,53,2024-10-20
69,867.329.145-37,Augusto Aragao,76,2021-10-18
70,504.981.673-48,Maria Laura Novais,18,2022-04-17
71,735.406.912-43,Mirella Duarte,23,2022-08-02
72,089.127.653-02,Guilherme da Cunha,64,2022-12-23
73,486.237.105-17,Ana Sophia Albuquerque,71,2024-05-02
74,790.635.418-48,Bruno da Costa,43,2021-04-02
75,263.740.891-03,Fernando da Cruz,63,2024-07-31
76,324.869.051-89,agatha Viana,70,2022-02-15
77,478.952.603-83,Carlos Eduardo Cavalcanti,68,2023-12-10
78,394.560.872-47,Julia Campos,60,2025-03-20
79,534.196.027-07,Lunna da Conceiçao,58,2023-08-03
80,742.108.965-94,Miguel Cassiano,18,2021-12-01
81,812.693.507-30,Matheus Fogaça,57,2021-07-16
82,710.462.385-07,Henry Novais,49,2021-10-19
83,795.802.143-79,Srta. Luiza Viana,70,2022-11-23
84,603.821.549-24,Luiz Felipe Rios,73,2021-10-17
85,405.968.137-75,Ana Liz Alves,39,2022-06-20
86,093.528.416-89,Henrique Machado,33,2024-02-12
87,254.189.360-42,Julia Nascimento,64,2024-12-06
88,701.369.825-30,Sophie Siqueira,38,2021-09-03
89,153.698.072-21,Srta. Mariane Peixoto,63,2021-04-18
90,972.460.813-13,Arthur Miguel Monteiro,73,2021-03-05
91,542.318.709-50,Dr. Thales Gonçalves,22,2020-07-15
92,489.730.256-00,Maria Laura Silveira,30,2021-06-07
93,657.092.814-76,Giovanna Teixeira,76,2024-11-30
94,856.721.094-11,Vitor Rodrigues,54,2023-06-02
95,295.670.483-47,Dr. Joao Vitor Pires,32,2022-11-28
96,576.431.092-06,Carolina Fernandes,33,2020-06-28
97,743.089.265-56,Emanuel Pacheco,69,2021-05-07
98,896.732.410-31,Lara da Luz,79,2024-12-27
99,895.213.706-02,Maria Isis Fonseca,27,2024-05-12
100,086.541.973-66,Evelyn Pires,69,2023-06-06
101,703.412.598-88,Melissa da Costa,52,2024-03-28
102,813.970.526-86,Jose Lopes,46,2023-06-11
103,951.203.874-97,Maria Isis Lopes,23,2023-09-22
104,075.641.289-76,Olivia Moreira,23,2021-07-25
105,015.297.864-01,agatha Melo,38,2020-10-11
106,509.312.648-98,Clara Guerra,74,2023-01-07
107,802.163.974-13,Maria Julia Cirino,50,2023-05-06
108,918.472.536-28,Dra. Isis Viana,77,2022-08-14
109,872.634.109-31,Sophie Andrade,49,2023-02-07
110,137.498.526-00,Catarina Melo,24,2025-02-21
111,081.642.935-98,Maria Nunes,37,2024-04-03
113,930.857.214-79,Eloa Fogaça,36,2021-01-26
114,607.245.931-52,Mirella Jesus,63,2021-12-13
115,074.139.285-23,Luiz Fernando Almeida,25,2021-12-02
116,605.349.782-74,Maria Liz Vieira,53,2022-08-23
117,081.692.457-02,Eduardo Moreira,39,2022-11-08
118,096.214.587-49,Joaquim Pinto,70,2023-03-16
119,076.915.248-11,Luiz Gustavo Camara,77,2021-10-21
120,675.413.092-06,Maria Julia Silva,52,2021-11-16